coll_lecture	collection	text	s_id	sentence	english	options gibbs	new gibbs
swp	5	0	0	Warum ich trotz des komischen Erfahrungsberichtes wertvoll bin im Team:	Why I am valuable in the team despite the funny experience report:	0/2	0
swp	5	0	1	- Ich bin umgänglich und humorvoll -	- I am sociable and humorous -	0/2	0
swp	5	0	2	Ich habe paar Websites schon aufgesetzt - Anaconda, Spyder, Jupyter habe ich schon mal in anderen Modulen benutzt -	I have already set up a few websites - Anaconda, Spyder, Jupyter I have used in other modules -	0	0
swp	5	0	3	Aus dem Bachelor-Studium bringe ich Basic-Wissen mit:	I have basic knowledge from my bachelor studies:	0	0
swp	5	0	4	z.B.	e.g.	0	0
swp	5	0	5	habe meine Bachelorarbeit in Python geschrieben - Ich kann Deutsch, English und Russisch relativ gleichwertig -	I wrote my bachelor thesis in Python - I can speak German, English and Russian relatively equal - I have a friend who works professionally in Python	0	0
swp	5	0	6	Ein Freund von mir arbeitet beruflich mit AI, den kann ich evtl.	A friend of mine works professionally with AI, I can possibly teach him.	3	3
swp	5	0	7	Sachen	things	0	0
swp	5	0	8	fragen	ask	0	0
swp	5	0	9	Meine Nachteile:	My disadvantages:	0	0
swp	5	0	10	- Ich habe von ML nicht viel Ahnung, bin aber willig mich einzulesen   --------------------------------------------- Erfahrungsbericht:	- I don't know much about ML, but I'm willing to read up on it --------------------------------------------- Experience report:	0/1/2/	1
swp	5	0	11	Meine bisherige Erfahrung war sehr durchwachsen im Bereich Softwareprojekt.	My previous experience was very mixed in software project.	2022-02-01 00:00:00	2
swp	5	0	12	Ich dachte gerade Softwareprojekte geben einen Freiraum eigene Ideen und Projekte auf die Beine zu stellen.	I thought especially software projects give a free space to set up own ideas and projects.	0	0
swp	5	0	13	Denn ich habe ein altes Buch mit Ideen, die ich umsetzen will, wenn sich mir eine Chance auftut.	Because I have an old book with ideas that I want to implement when an opportunity arises.	5	5
swp	5	0	14	Leider ist sowas im Softwareprojekt-Uni-Kontext nicht gewollt.  Das eine Softwareprojekt, wo ich dann doch bisschen Eigeninitiative zeigen durfte, war ich leider an fiese Kommilitonen geraten.	Unfortunately, something like that is not wanted in the software project university context.  The one software project where I was allowed to show a bit of initiative, I unfortunately got stuck with nasty fellow students.	0/1	1
swp	5	0	15	Jetzt weiß ich wirklich, dass nicht jeder Konflikt mit ehrlichen und offenen Worten behoben werden kann.	Now I really know that not every conflict can be solved with honest and open words.	4	4
swp	5	0	16	Seitdem lege ich weniger Wert mehr auf Inhalt der Uni-Projekte, sondern nur noch auf die Persönlichkeit der Gruppenmitglieder.	Since then I put less emphasis on the content of the university projects, but only on the personality of the group members.	0	0
swp	5	0	17	Was seltsam ist, da mein Selbstverständnis von Professionalität die Arbeit mit jedem Menschen beinhaltet und der Inhalt im Vordergrund stehen sollte.  Leider haben die Dozenten damals auch nicht klar kommuniziert, welche Erwartungen (und Feedback) an die Gruppe gestellt wurden, sodass ich immer wieder von 0 anfangen musste.	Which is strange, since my self-image of professionalism involves working with everyone and content should be the main focus.  Unfortunately, the lecturers at the time also didn't clearly communicate what the expectations (and feedback) were for the group, so I had to keep starting from 0.	1/2/3/	3
swp	5	0	18	Was wiederum die Dozenten zu schnippischen und herablassenden Kommentaren verleitet hat – dann sind die Dozenten jedes Mal „aus Zeitgründen“ aus dem Raum gestürmt und somit konnte ich mich nicht Mal verteidigen oder erklären.	"Which in turn led the lecturers to make snide and condescending comments - then each time the lecturers stormed out of the room ""due to time constraints"" and so I couldn't even defend or explain myself."	0/1/2/	0
swp	5	0	19	Total verrückt.	Totally crazy.	2022-02-01 00:00:00	1
swp	5	0	20	Unterm Strich, gelernt habe ich wenig, also insgesamt keine so wertvolle Erfahrung.	Bottom line, learned little, so overall not such a valuable experience.	2/3/4/	4
swp	5	0	21	Aber ich bin optimistisch, dass dieses Softwareprojekt anderes sein wird, alleine die gegebene Literatur spricht dafür, dass dieses Projekt besser aufgebaut ist.	But I am optimistic that this software project will be different, the given literature alone suggests that this project is better constructed.	1	1
swp	5	1	0	Projekt aus der VL ML4DataScientists mussten in zweier oder dreier Gruppen von Datensatz Aufbereitung bis zur Auswertung der genommenen Modelle alles selbst machen.	Project from VL ML4DataScientists had to do everything by themselves in groups of two or three from data set preparation to evaluation of taken models.	0	0
swp	5	1	1	Es war so gut, da man das wissen, welches man erlangt hatte in der VL anwenden und vertiefen  konnte.	It was so good because you could apply and deepen the knowledge you gained in the VL.	2022-03-02 00:00:00	3
swp	5	2	0	Heute hatten wir unser zweites Meeting.	Today we had our second meeting.	0	0
swp	5	2	1	Wir haben die Themen verteilt und verschiedene Gruppen gebildet.	We distributed the topics and formed different groups.	0	0
swp	5	2	2	Ich hatte mirim Voraus und auch während dem Meeting viele Gedanken gemacht welches Thema mich interessieren würde aber gleichzeitig auch nicht zu viel Arbeit ist.	I had thought a lot in advance and during the meeting which topic would interest me but at the same time would not be too much work.	0	0
swp	5	2	3	Es war eine angenehme Atmossphäre, aber mir haben trotzdem einige Details zu den genauen Themen gefehlt, weshalb das Meeting auch anstrengend war.	It was a pleasant atmosphere, but I still lacked some details about the exact topics, which is why the meeting was exhausting.	0/2	2
swp	5	2	4	Das ist jedoch ziemlich normal, da in so einer großen Gruppe die einzelnen Fragen/Details immer ein wenig untergehen.	However, that's pretty normal since in such a large group the individual questions/details always get lost a bit.	2022-03-02 00:00:00	3
swp	5	2	5	Ich hätte noch mehr Fragen stellen können um das Ganze zu verändern, insgesamt bin ich aber recht zufrieden da wir erst am Anfang sind.	I could have asked more questions to change the whole thing, but overall I am quite satisfied as we are only at the beginning.	1/3/4/	4
swp	5	2	6	In der Zukunft sollten die Details in kleineren (spezialisierten) Gruppen stattfinden und nur ab und zu in der ganz großen Gruppe.	In the future, the details should be in smaller (specialized) groups and only occasionally in the very large group.	4	4
swp	5	2	7	Das stimmt auch mit dem aktuellen Zeitplan überein.	This is also in line with the current schedule.	2	2
swp	5	2	8	Ich bin gespannt was die Zukunft bereit hält.	I am excited to see what the future holds.	1	1
swp	5	3	0	Mein Lieblingsprojekt war meine Bachelorarbeit, in welcher ich einen Klassifikator für Bilder von Kleidungsstücken entwickelte.	My favorite project was my bachelor thesis, in which I developed a classifier for images of garments.	0	0
swp	5	3	1	Rückblickend war es ein wirklich sehr aufwendiges Projekt, es half mir allerdings dabei, Praxiserfahrung in einem realen ML-Projekt zu sammeln.	Looking back, it was a really time-consuming project, however, it helped me gain practical experience in a real ML project.	2	2
swp	5	3	2	Die wöchentlichen Meetings mit anderen Projektmitgliedern dienten dazu, sich gegenseitig auf den neuesten Stand zu bringen, indem Fortschritte und bestehende Probleme angesprochen wurden.	Weekly meetings with other project members served to update each other by addressing progress and existing problems.	0	0
swp	5	3	3	Frustrierend war ein Problem mit der GPU, genauer mit der installierten CUDA-Version, welches dafür sorgte, dass die Modelle nicht korrekt lernten.	Frustratingly, there was an issue with the GPU, more specifically the CUDA version installed, which was causing the models to not learn correctly.	0/1	1
swp	5	3	4	Ich benötigte etwa 2 Wochen, um dies zu beseitigen.	It took me about 2 weeks to get this fixed.	0	0
swp	5	3	5	Ich hätte mir etwas mehr Unterstützung bei diesem Problem gewünscht, leider konnten mir einige Projektpartner nicht weiterhelfen.	I would have liked a little more support with this problem, unfortunately some project partners could not help me.	2022-04-01 00:00:00	4
swp	5	3	6	Ich hätte früher mit dem Schreiben anfangen sollen, da das Arbeitspensum kurz vor der Deadline sehr hoch war.	I should have started writing earlier because the workload was very heavy just before the deadline.	2022-04-03 00:00:00	4
swp	5	3	7	Glücklicherweise konnte ich die Experimente relativ schnell durchführen, sodass ich sie nur noch in den Text einarbeiten musste.	Fortunately, I was able to do the experiments relatively quickly, so I just had to incorporate them into the text.	0/1	1
swp	5	3	8	In Zukunft werde ich mir mehr Deadlines setzen und meine Arbeit in Pakete einteilen, sodass ich einen besseren Überblick über den Zeitplan habe.	In the future, I will set more deadlines and divide my work into packets so that I have a better overview of the schedule.	5	5
swp	5	4	0	Was gut gelaufen ist:	What went well:	2	2
swp	5	4	1	Wenn ich alleine oder mit kompetenten und ähnlich motivierten Partnern gearbeitet habe, hat es sehr viel Spaß gemacht während das Ergebnis des Projekts auch erstklassig war.  Was nicht so gut gelaufen ist:	When I worked alone or with competent and similarly motivated partners, it was a lot of fun while the result of the project was also top notch.  What didn't go so well:	0/2	2
swp	5	4	2	In einigen Fällen wird man mit mehreren Leuten, die man nicht kennt, in Gruppen geworfen und erhält am Ende eine Gruppennote zusammen.	In some cases, you are thrown into groups with several people you don't know and end up with a group grade together.	0	0
swp	5	4	3	Dabei halten sich die meisten Gruppenmitglieder allerdings mit beliebigen Ausreden von der Gruppenarbeit fern.	However, in doing so, most group members stay away from the group work with arbitrary excuses.	0	0
swp	5	4	4	Das kann man sich auch gänzlich sparen.	You can also avoid this altogether.	0	0
swp	5	4	5	Lieblingsprojekt: Bachelorarbeit.	Favorite project: Bachelor thesis.	0	0
swp	5	4	6	Das Thema war super spannend und ich konnte frei mich in Themen einarbeiten, die mich interessieren und meine eigene Struktur/mein eigenes Tempo wählen.	The topic was super exciting and I could freely delve into topics that interested me and choose my own structure/pace.	0/1	1
swp	5	4	7	Das Resultat vorzutragen hat auch ungemein Spaß gemacht.	Presenting the results was also a lot of fun.	1	1
swp	5	4	8	Einbringen in das Softwareentwicklungs-Kursprojekt: Spannendes Thema aussuchen und unbedingt mit ähnlich motivierten und ähnlich kompetenten Leuten in einem Team arbeiten.	Contribute to the software development course project: choose exciting topic and definitely work in a team with similarly motivated and similarly competent people.	5	5
swp	5	4	9	Mehr Druck auf Leute ausüben, welche sich von der Arbeit entziehen wollen und zur Not fragen, ob sich der produktive Teil der Gruppe abspalten darf.	Put more pressure on people who want to escape from the work and, if necessary, ask if the productive part of the group can split off.	5	5
swp	5	5	0	Während des Mustererkennungs-kurses 2020 hatte unsere Gruppe etwaige Probleme mit dem Verständnis des Lehrstoffs, was sich dementsprechend negativ auf die Bearbeitung der Hausaufgaben ausgewirkt hat.	During the pattern recognition course 2020, our group had some problems with understanding the subject matter, which had a negative effect on the completion of the homework.	0/2	0
swp	5	5	1	Wir hatten etliche Stunden zusammen gebraucht um diese zu bearbeiten, haben jedoch versucht herauszufinden, wo das Verständnisproblem bei jedem von uns liegt und daran gemeinsam gearbeitet.	It took us quite a few hours together to work on them, but we tried to find out where the comprehension problem was for each of us and worked on it together.	0	0
swp	5	5	2	Auch wenn das 5LP Modul für uns 20Lp an Zeitaufwendung war und sich einige Studis über die Hausaufgaben beschwert haben, haben wir es dennoch überwunden und extrem viel dazu gelernt, vorallem wie man gut als Gruppe zusammenarbeitet und sich gegenseitig hilft.	Even though the 5LP module was a 20Lp time commitment for us and some students complained about the homework, we still overcame it and learned an extreme amount, especially how to work well together as a group and help each other.	4	4
swp	5	5	3	Ich würde sogar so weit gehen und sagen, dass das Modul mit Abstand mir persönlich am meisten geholfen hat, wie ich mit Problemen dieser Art umgehe, diese bewältige und vorallem an auftretende Defizite arbeite und nicht einfach ignoriere/andere Gruppenmitglieder daran arbeiten lasse.	I would even go so far as to say that the module helped me personally by far the most in how to deal with problems of this kind, how to overcome them and especially how to work on deficits that arise and not just ignore them/let other group members work on them.	2022-04-03 00:00:00	3
swp	5	5	4	(Geschrieben (und dabei gelitten) auf meinem Handy, sorry also für etwaige Rechtschreibfehler)	(Written (and suffered) on my cell phone, so sorry for any spelling mistakes).	1	1
swp	5	6	0	In vergangenen Projekten habe mir oft Gedanken machen müssen, wie ich ein Problem korrekt und strukturiert angehe.	In past projects, I've often had to think about how to approach a problem correctly and in a structured way.	0	0
swp	5	6	1	Es ist ein gutes Gefühl, wenn man ein gut strukturiertes und übersichtliches Projekt gemacht hat.	It is a good feeling when you have done a well structured and clear project.	1	1
swp	5	6	2	Es ermutigt einen weiterzumachen, jedoch ist der Weg dahin manchmal anstrengend.	It encourages you to continue, but the way to get there is sometimes exhausting.	2022-03-02 00:00:00	2
swp	5	6	3	Oft habe ich vorschnell angefangen praktisch an einem Projekt zu arbeiten, was zu einer schlechten Struktur und Planung führte.	Often I have started to work practically on a project hastily, which led to poor structure and planning.	0/3	3
swp	5	6	4	In der Zukunft will ich darauf achten meine Projekte nachhaltig zu strukturieren.	In the future, I want to make sure to structure my projects in a sustainable way.	5	5
swp	5	7	0	Ich habe dieses besondere Projekt während meines Bachelors.	I have this particular project during my bachelor.	0	0
swp	5	7	1	Besonders deshalb, weil es das erste Projekt war, an dem ich gearbeitet habe.	Especially because it was the first project I worked on.	0	0
swp	5	7	2	"Integrated crop protection management - Application deployed on ML and DL model"" Projektanzeige für das indische Landwirtschaftsministerium,"	"Integrated crop protection management - Application deployed on ML and DL model"" Project advertisement for Indian Ministry of Agriculture,"	0	0
swp	5	7	3	Smart India Hackathon, Uttar Pradesh, Indien.	Smart India Hackathon, Uttar Pradesh, India.	0	0
swp	5	7	4	Es war also ein Gruppenprojekt und ich musste sowohl mit Junioren als auch mit Senioren zusammenarbeiten, und ja, es war interessant, denn ich war der Teamleiter.	So it was a group project and I had to work with juniors as well as seniors and yes it was interesting because I was the team leader.	2	2
swp	5	7	5	Ich stand zwar unter Druck, aber am Ende des Projekts hatte ich viel zu reflektieren.	I was under pressure, but at the end of the project I had a lot to reflect on.	0/4	4
swp	5	7	6	Durch die Arbeit an diesem Projekt konnte ich Erfahrungen im technischen Bereich sammeln, ganz abgesehen davon, dass ich auch schlecht abgeschnitten habe.	Working on this project gave me experience in the technical field, not to mention that I also did poorly.	4	4
swp	5	7	7	Manchmal fühlte ich mich minderwertig, aber dieses Projekt hat mir gezeigt, dass ich durch die Arbeit im Team mehr lernen kann.	Sometimes I felt inferior, but this project showed me that I can learn more by working in a team.	2022-03-01 00:00:00	3
swp	5	7	8	"Deshalb freue ich mich darauf, in diesem Software-Projekt als Team zu arbeiten und mehr technisches Wissen zu erlangen sowie ein soziales Netzwerk aufzubauen..... """	"Therefore, I am looking forward to working as a team in this software project and gaining more technical knowledge as well as building a social network..... """	2022-05-04 00:00:00	4
swp	5	8	0	Meine früheren Projekte während meines Masterstudiums waren im Kurs Maschinelles Lernen, in dem wir im ersten Projekt verschiedene überwachte Lernalgorithmen angewandt haben, wie z. B. Entscheidungsbäume, KNN, SVM, Naive Bayes und neuronale Netze.	My previous projects during my master's degree were in the Machine Learning course, where we applied different supervised learning algorithms in the first project, such as decision trees, KNN, SVM, Naive Bayes, and neural networks.	0	0
swp	5	8	1	Das Gute an dem Projekt war, dass es sich um überwachtes Lernen handelte, so dass wir zwar Beschriftungen hatten, aber bei 14 Merkmalen war es schwierig, diese zu visualisieren.	The good thing about the project was that it was supervised learning, so we had labels, but with 14 features, it was difficult to visualize them.	2	2
swp	5	8	2	Ich würde das Wissen über maschinelles Lernen, das ich in dem vorherigen Projekt erworben habe, für dieses Projekt nutzen.	I would use the machine learning knowledge I gained in the previous project for this project.	5	5
swp	5	9	0	Wenn ich es recht erinnere, hatte ich gar nicht so viele Projekte als Student.	If I remember correctly, I didn't have that many projects as a student.	0	0
swp	5	9	1	Vielleicht so fünf plus minus zwei.	Maybe like five give or take two.	0	0
swp	5	9	2	Eins hatte ich an der HU mit einem Griechen namens Babis und wir haben Differenzialgleichungssysteme untersucht mit denen er in seiner Masterarbeit die Schwingung von Stimmlippen modellierte.	I had one at HU with a Greek named Babis and we studied differential equation systems with which he modeled the vibration of vocal folds in his master's thesis.	0	0
swp	5	9	3	Das Projekt war ganz nice weil ich zum ersten Mal sehr nah an der Forschung war und nicht nur irgendeine Anwendung bauen sollte.	The project was quite nice because for the first time I was very close to research and not just building some application.	2022-03-02 00:00:00	3
swp	5	9	4	Die meisten Projekte waren Einzelprojekte, aber ein Projekt mit einem Kommilitonen erinnere ich noch gut, weil es mir sehr viel Spass gemacht hat.	Most of the projects were individual projects, but one project with a fellow student I remember very well because it was a lot of fun.	2022-03-02 00:00:00	3
swp	5	9	5	Die Aufgabenteilung war klar definiert und wir haben viele Nächte durchgearbeitet.	The division of tasks was clearly defined and we worked through many nights.	0/2	2
swp	5	9	6	Der soziale Aspekt war mit damals schon sehr wichtig.	The social aspect was already very important to me back then.	2	2
swp	5	9	7	Das motiviert!	That was motivating!	1	1
swp	5	9	8	Ich hätte in meinem Studium lieber mehr solcher Teamarbeiten gehabt.	I would have preferred to have more teamwork like that in my studies.	4	4
swp	5	9	9	Ich hatte eigentlich nur ein paar richtig gute Kurse, vielleicht wäre mein Studium insgesamt noch spannender abgelaufen, wenn es mehr Gruppenprojekte gegeben hätte?	I actually only had a few really good courses, maybe my studies would have been more exciting overall if there had been more group projects?	2022-04-03 00:00:00	3
swp	5	9	10	Ich denke das sind die beiden Hauptpfeiler der Arbeit die ich mag: Forschung und Gruppen.	I think those are the two main pillars of work I like: research and groups.	2022-02-01 00:00:00	2
swp	5	9	11	In meiner Arbeit heute versuche ich soziale Verknüpfungen zu erstellen, um meinen Mitarbeitern ein ähnliches Gefühl zu vermitteln, aber ich weiß nicht ob das jeder überhaupt so empfindet.	In my work today I try to make social connections to give my coworkers a similar feeling, but I don't know if everyone even feels that way.	0	0
swp	5	9	12	Vielleicht sollte ich eine Umfrage im Lab dazu machen?	Maybe I should do a survey in the lab about this?	0	0
swp	5	10	0	Bisher habe ich schon einige Uniprojekte gemacht.	So far, I've done a few university projects.	0	0
swp	5	10	1	"Die meisten waren auf ein Semester beschränkt und liefen nicht ""Vollzeit""."	"Most were limited to one semester and did not run ""full time""."	0	0
swp	5	10	2	Eines davon war jedoch in Vollzeit für 6 Wochen ein Softwareprojekt.	However, one of them was full time for 6 weeks on a software project.	0	0
swp	5	10	3	Meine Gefühle waren abhängig von dem Projekt und teilweise unterschiedlich.	My feelings were dependent on the project and sometimes varied.	1	1
swp	5	10	4	Dies war meistens davon abhängig mit wem ich zusammen gearbeitet habe.	This was mostly dependent on who I was working with.	2	2
swp	5	10	5	Bei einigen Projekten kannte ich davor bereits die anderen Studierenden gut und war mit ihnen befreundet.	For some projects, I already knew the other students well beforehand and was friends with them.	0	0
swp	5	10	6	Dadurch konnten wir uns gut absprechen und haben Fait die Workload verteilt.	This allowed us to coordinate well and Fait distributed the workload.	2	2
swp	5	10	7	Die meisten dieser Projekte waren sehr erfolgreich.	Most of these projects were very successful.	2	2
swp	5	10	8	Auch wenn teilweise ich Leistungsdruck auf mir gespürt habe und die Zeit sehr knapp war.	Even if partly I felt performance pressure on me and the time was very tight.	0	0
swp	5	10	9	Das Softwareprojekt war sehr intensiv.	The software project was very intensive.	2	2
swp	5	10	10	Ich habe viel gelernt, jedoch war ich auch zeitweise genervt, da ich das Gefühl hatte, dass andere Teilnehmenden nicht selbst Verantwortung übernommen haben und immer mich gefragt haben und so nicht so eigenständig waren.	I learned a lot, but I was also annoyed at times, because I had the feeling that other participants did not take responsibility themselves and always asked me and so were not so independent.	1/3/	3
swp	5	10	11	Dies war mir teilweise zu viel, da ich mich gerne auf meine eigenen Aufgaben fokussiert hätte.	This was sometimes too much for me, as I would have liked to focus on my own tasks.	2022-03-01 00:00:00	3
swp	5	10	12	Dafür hatten wir in diesem Projekt zeitlich keinen Stress.	On the other hand, we didn't have any stress in terms of time in this project.	0	0
swp	5	10	13	Ein Stück weit ist es normal, dass einige weniger Erfahrung und Selbstsicherheit mitbringen als andere und deswegen nicht selbständig arbeiten.	To a certain extent it is normal that some have less experience and self-confidence than others and therefore do not work independently.	3	3
swp	5	10	14	Mögliche Lösungen dazu sind dies anzusprechen und gemeinsam zu überlegen, was Gründe dafür sind und eventuell Subtasks, die alleine erledigt werden sollen zu bestimmen.	Possible solutions to this are to address this and to consider together what the reasons for this are and possibly to determine subtasks that should be done alone.	3	3
swp	5	10	15	Außerdem ist es sicher hilfreich ermutigendes Feedback zu geben und so die anderen Gruppenmitglieder in Ihrem Tun zu bestärken.	It is also helpful to give encouraging feedback to the other group members to encourage them in their work.	2022-03-02 00:00:00	3
swp	5	10	16	Techniken wie Pairprogramming könnten hilfreich dabei sein.	Techniques like pair programming could be helpful.	3	3
swp	5	10	17	Gleichzeitig ist sicher auch Rückhaltung auf meiner Seite gegeben.	At the same time, there is certainly restraint on my part.	0	0
swp	5	10	18	Das bedeutet die Kontrolle abgeben und nicht in allen Prozessen mitzumischen.	That means relinquishing control and not getting involved in all the processes.	3	3
swp	5	11	0	"Bisher habe ich an der Universität an größeren Projekten einmal ein Spiel in C geschrieben, das ein Klon von ""Doodle Jump"" war, und ein Projekt zur Fake-News Erkennung gemacht."	"So far at the university on larger projects, I once wrote a game in C that was a clone of ""Doodle Jump"" and did a project on fake news detection."	0	0
swp	5	11	1	Beide Projekte haben Spaß gemacht.	Both projects were fun.	1	1
swp	5	11	2	An dem Spiel war gut, dass das Projekt nur eine Woche gedauert hat und man trotzdem schon ein halbwegs gut aussehendes funktionierendes Produkt hatte.	What was good about the game was that the project only took a week and you still had a reasonably good looking working product already.	2	2
swp	5	11	3	Schlecht daran war, dass ich damals noch wenig Erfahrung mit Git hatte und wir in der Gruppe viele merge-Konflikte gehabt hatte, die uns viel Zeit gestohlen haben.	What was bad about it was that I had little experience with Git at the time and we had had many merge conflicts in the group that stole a lot of our time.	2	2
swp	5	11	4	Bei Fake-News Erkennung habe ich neue Sachen über Teilbereiche im Machine Learning gelernt.	In Fake News Detection, I learned new things about sub-areas in Machine Learning.	0	0
swp	5	11	5	Dort war die Kommunikation in der Gruppe nicht immer ganz optimal.	There, the communication in the group was not always quite optimal.	0/2	2
swp	5	11	6	Das hat wahrscheinlich zum Großteil daran gelegen, dass wir uns nur online getroffen haben (wegen Corona).	This was probably largely due to the fact that we only met online (because of Corona).	3	3
swp	5	11	7	Mein Lieblingsprojekt war eher das Projekt über Fake-News Erkennung, da es komplexer und dadurch auch etwas spannender war.	My favorite project was rather the project about fake news detection, because it was more complex and therefore a bit more exciting.	2022-03-02 00:00:00	2
swp	5	11	8	Von meinen bisherigen Erfahrungen kann ich das Version-management mit Git, das Arbeiten mit Linux und die Erfahrungen mit Machine Learning Frameworks aus dem Fake-News Erkennungsprojekt einbringen.	From my previous experience, I can bring version management with Git, working with Linux, and experience with machine learning frameworks from the fake news detection project.	0	0
swp	5	12	0	Überwachtes Klassifizierungsprojekt in ML für Data Science Klasse.	Supervised classification project in ML for Data Science class.	0	0
swp	5	12	1	Das Ziel ist es, vorherzusagen, ob das Einkommen einer Person 50.000 Dollar pro Jahr übersteigt oder nicht.	The goal is to predict whether or not a person's income exceeds $50,000 per year.	0	0
swp	5	12	2	Anfangs war es schwer, sich vorzustellen, wie man einen Prozess erstellt, und ich war ziemlich frustriert.	At first it was hard to imagine how to create a process and I was quite frustrated.	1	1
swp	5	12	3	Es gab jedoch einen erfahrenen Teamkollegen, der den Prozess organisierte und die Ideen für das weitere Vorgehen mitteilte.	However, there was an experienced teammate who organized the process and shared ideas on how to proceed.	0	0
swp	5	12	4	Das war eine gute Erfahrung, denn danach konnte ich ein allgemeines Data-Science-Projekt selbständig organisieren.	That was a good experience, because after that I was able to organize a general data science project independently.	2022-03-02 00:00:00	3
swp	5	12	5	Es war jedoch nicht gut in dem Sinne, dass der erfahrene Teamkollege sich viel mehr anstrengte, weil die anderen, mich eingeschlossen, nicht effizienter arbeiten konnten, weil ihnen die Erfahrung fehlte.	However, it was not good in the sense that the experienced teammate put in much more effort because the others, including me, could not work more efficiently because they lacked experience.	3	3
swp	5	12	6	Daher habe ich herausgefunden, dass der Organisationsprozess der Schlüssel zu schnellen Fortschritten ist.	Therefore, I found out that the organizing process is the key to making fast progress.	4	4
swp	5	12	7	Ich hätte mir mehr Zeit nehmen können, um das Projekt vollständig zu verstehen, indem ich die Codes selbst implementiere.	I could have taken more time to fully understand the project by implementing the codes myself.	4	4
swp	5	12	8	Wenn es noch einmal vorkommt, werde ich viel mehr Zeit investieren, um das Projekt zu verstehen.	If it happens again, I will invest much more time to understand the project.	2022-05-03 00:00:00	5
swp	5	13	0	Ich hatte bis jetzt nicht viele Projekte an der Uni.	I haven't had many projects in college so far.	0	0
swp	5	13	1	Sie liefen insgesamt gut und haben Spaß gemacht.	Overall, they went well and were fun.	2022-01-04 00:00:00	4
swp	5	13	2	Es kam vor, dass andere Gruppenmitglieder sehr unmotiviert waren und ich finde es etwas kompliziert, mit so etwas umzugehen.	It happened that other group members were very unmotivated and I find it a bit complicated to deal with something like that.	1	1
swp	5	13	3	Ich habe auch einmal sehr viel Zeit in etwas investiert, was sich mit einem simplen sanity-check am Anfang hätte vermeiden können.	I also once invested a lot of time in something that could have been avoided with a simple sanity-check at the beginning.	4	4
swp	5	13	4	Daraus habe ich recht viel gelernt, was ich häufig anwenden kann (bestimmt auch bei diesem Projekt).	I learned quite a lot from that, which I can apply frequently (certainly also in this project).	2	2
swp	5	13	5	Generell ist die Zusammenarbeit mir anderen sehr angenehm und häufig ertragvoller als etwas alleine zu machen.	In general, working with others is very pleasant and often more rewarding than doing something on my own.	2	2
swp	5	14	0	In meiner bisherigen Uni-Laufbahn habe ich an zwei wesentlichen Projekten teilgenommen, zum einen einem Mühlespiel mit Computergegenspieler (Spielbaum) in Rust sowie einem Projekt zu Predictive Maintenance zusammen mit einem Unternehmen, welches Dichtungen für Schiffsschrauben herstellt.	In my university career so far, I have participated in two major projects, one was a mill game with computer counterpart (game tree) in Rust and the other was a predictive maintenance project together with a company that manufactures seals for ship propellers.	0	0
swp	5	14	1	Das erste Projekt in Rust war anfangs etwas überfordernd für mich, da ich noch am Anfang meines Studium stand (2. Semester) und diese Programmiersprache nie zuvor verwendet hatte.	The first project in Rust was a bit overwhelming for me in the beginning, because I was still at the beginning of my studies (2nd semester) and had never used this programming language before.	2022-03-01 00:00:00	3
swp	5	14	2	Dazu kam teilweise schlechtes Zeitmanagement, welches zu viel Druck gegen Ende des Projektes geführt hat.	In addition, there was some bad time management, which led to a lot of pressure towards the end of the project.	0	0
swp	5	14	3	Obgleich ich mit dem Endprodukt für den derzeitigen Studienstand zufrieden bin, würde ich jetzt einiges anders machen.	Although I am satisfied with the final product for the current state of my studies, I would do some things differently now.	2022-03-01 00:00:00	3
swp	5	14	4	Das zweite Projekt war hingegen ein ML-Problem im letzten Semester, welches wir mit einem LSTM angegangen sind.	The second project, on the other hand, was an ML problem in the last semester, which we tackled with an LSTM.	0	0
swp	5	14	5	Uns wurden zahlreiche Sensordaten zur Verfügung gestellt, aus welchen wir möglichst vorhersagen sollten, ob eine Dichtung gefährdet ist, in den nächsten drei Monaten kaputt zu gehen.	We were given a lot of sensor data from which we were supposed to predict, if possible, whether a seal was at risk of breaking in the next three months.	0	0
swp	5	14	6	Frustrierend war hierbei zum einen, dass ein Großteil der Zeit nur zum Reinigen und Vereinheitlichen der Daten (60 Attribute, viele verschiedene Versionen) benötigt wurden, und zum anderen, dass es weder meiner noch irgendeiner anderen Gruppe gelungen ist, brauchbare Ergebnisse zu erzielen, was vermutlich daran lag, dass die Daten es so einfach nicht hergeben.	What was frustrating here was, on the one hand, that much of the time was spent just cleaning and standardizing the data (60 attributes, many different versions), and, on the other hand, that neither my group nor any other group managed to get usable results, which was probably due to the fact that the data just didn't give it.	0/2	2
swp	5	15	0	Bisherige Erfahrungen an der Uni	Previous experience at the university	0	0
swp	5	15	1	Das größte Problem an bisherigem Projekten für mich war oft die Strukturierung.	The biggest problem on previous projects for me was often the structuring.	2	2
swp	5	15	2	Manchmal waren eher offenere fragen gestellt und die genauere Auslegung war offen.	Sometimes more open-ended questions were asked and the more specific interpretation was open-ended.	0	0
swp	5	15	3	"In solchen Projekten kann es leicht vorkommen, dass man am Anfang die Ziele nicht genau setzt und in eine ""ich arbeite einfach mal mit X"" Arbeitsweise verfällt und dann erst am Ende merkt, dass man kein genaues Ziel verfolgt hat und somit auch kein genaues Ergebnis hat."	"In such projects it can easily happen that you don't set the goals exactly at the beginning and fall into a ""I'll just work with X"" way of working and then only realize at the end that you haven't pursued an exact goal and therefore don't have an exact result."	3	3
swp	5	15	4	Im Nachhinein daraus etwas zu bauen statt von Anfang an klar zu wissen , worauf man hinarbeitet ist viel anstrengender.	To build something from it afterwards instead of knowing clearly from the beginning what you are working towards is much more exhausting.	2022-03-02 00:00:00	3
swp	5	15	5	Gleichzeitig kommt es dabei zumindest bei mir eher dazu, dass ich Arbeit aufschiebe, was natürlich nicht förderlich ist.	At the same time, at least for me, I tend to postpone work, which of course is not conducive.	0	0
swp	5	15	6	Wenn man jedoch diese Strukturierung hat und schon vor der Deadline quasi fertig ist und nurnoch kleinere Dinge tweaken muss, dann ist das eine sowohl angenehmere Erfahrung, und gleichzeitig auch das Ergebnis besser.  In Zukunft ist es also wichtig genau am Anfang für diese Strukturierung zu sorgen und sich dann an diese zu halten bzw. Zu orientieren (am ende des Tages wird man aber natüblich immer Dinge anpassen müssen)  Alle diese Erfahrungen werden nochmal komplizierter, wenn man in Gruppen arbeitet, die Koordination ist hierbei von anderen abhängig, gleichzeitig lernt man hier aber genaue die teamfähigkeit, die später benötigt wird	However, if you have this structure and you are almost finished before the deadline and only have to tweak minor things, then it is a more pleasant experience and at the same time the result is better.  So in the future it is important to provide this structure at the beginning and then to stick to it (at the end of the day you will always have to adjust things) All these experiences become more complicated when you work in groups, the coordination is dependent on others, but at the same time you learn the teamwork skills that will be needed later on.	2/3/5/	3
swp	5	16	0	Mein aktuelles Projekt ist über den speziellen Rythmus von Bienen.	My current project is about the special rhythm of bees.	0	0
swp	5	16	1	Da es vor allem über die Visualisierung von den bisher gemachten Analysen geht, ist es schwer für mich zu sagen, welche Technologien bisher eingesetzt wurden.	Since it is mainly about the visualization of the analyses made so far, it is hard for me to say which technologies have been used so far.	0	0
swp	5	16	2	An sich kann man sicherlich bedenken haben, dass die Bienen anhand anglekbter mini Codes getrackt werden und ob das für sie einschränkend wirkt.	In itself, one can certainly be concerned that the bees are tracked by means of angled mini codes and whether this is restrictive for them.	3	3
swp	5	16	3	Soweit ich das beurteilen kann wirkt das jedoch für das Tier ertragbar.	However, as far as I can tell, it seems tolerable for the animal.	2	2
swp	5	16	4	Ich denke es ist eine Bereicherung das Verhalten von Bienen weiter zu erforschen, da gerade in Zeiten von Artensterben es wertvoll ist viel über eine Art zu wissen um diese möglichst gut schützen zu können.	I think it is an enrichment to further research the behavior of bees, because especially in times of species extinction it is valuable to know a lot about a species to be able to protect it as well as possible.	3	3
swp	5	16	5	Wenn man durch die Forschung auch merkt wie komplex deren Lebensweise ist, hilft das sicher die Existenz und Wichtigkeit der Biene mehr wertzuschätzen.	If one realizes through the research how complex their way of life is, it certainly helps to appreciate the existence and importance of the bee more.	2022-04-03 00:00:00	3
swp	5	17	0	Zukünftig könnte ähnliche Technologie auch eingesetzt werden, um Kommunikation komplexerer Organismen als Bienen zu überwachen/vorherzusagen, bspw. Menschen, die zwar nicht in Richtung einer Nahrungsquelle tanzen, aber teils auch wild gestikulieren, um Informationen zu vermitteln.	In the future, similar technology could also be used to monitor/predict communication of more complex organisms than bees, e.g., humans who do not dance in the direction of a food source but sometimes gesture wildly to convey information.	3	3
swp	5	17	1	Dies würde ermöglichen, einzig durch Kameraüberwachung die Privatssphäre von Menschen massiv einzuschränken.	This would make it possible to massively restrict people's privacy solely through camera surveillance.	3	3
swp	5	18	0	Meine Bachelorarbeit war Teil eines Projekts, welches unter anderem die Sortierung von Kleidungsstücke in Sortieranlagen effizienter machen soll.	My bachelor thesis was part of a project to make the sorting of garments in sorting plants more efficient, among other things.	0	0
swp	5	18	1	Insbesondere ging es darum, das Recycling von Secondhand-Kleidung zu verbessern.	In particular, it was about improving the recycling of second-hand clothing.	0	0
swp	5	18	2	Da die Kleidungsindustrie eine enorme Größe hat und stark zum Klimawandel beiträgt, würde ein besseres Recycling stark bei der Bekämpfung des Klimawandels helfen.	Since the garment industry is huge in size and contributes greatly to climate change, better recycling would greatly help in the fight against climate change.	3	3
swp	5	18	3	Dieses Projekt ist allerdings davon abhängig, dass Kleidung so gestaltet wird, dass sie gut recycelt werden kann, das heißt entweder wiederverwendet oder in nutzbare Rohstoffe umgewandelt.	However, this project is dependent on making clothing so that it can be recycled well, that is, either reused or turned into usable raw materials.	0	0
swp	5	18	4	Ich würde daher, wenn ich in dem Unternehmen arbeiten würde, eng mit Kleidungsherstellern zusammenarbeiten wollen, um bereits bei dem Design und bei der Herstellung von Kleidungsstücken auf die Wiederverwendbarkeit zu achten.	Therefore, if I were to work at the company, I would want to work closely with garment manufacturers to consider recyclability right from the design and manufacturing stages of garments.	4	4
swp	5	18	5	Tatsächlich tut das Unternehmen, das hauptsächlich an dem Projekt arbeitet, genau dies.	In fact, the company that is mainly working on the project is doing just that.	0	0
swp	5	19	0	Das Projekt findet seinen Anwendungsbereich vor allem im Hochschulbereich, wo es darauf abzielt, den Anstieg der Zahl der Studienabbrecher einzudämmen.	The project's main application is in higher education, where it aims to curb the rise in dropouts.	0	0
swp	5	19	1	Die Akzeptanz von Technologie ist immer ein Problem, und unser Ziel ist es, Vertrauen zu schaffen.	Acceptance of technology is always an issue, and our goal is to build trust.	3	3
swp	5	19	2	Die typische ethische Schönfärberei kann die Menschen, die sie benutzen, zufrieden stellen, aber es gibt immer etwas, das nicht in Ordnung ist.	The typical ethical gloss may satisfy the people who use it, but there is always something wrong.	3	3
swp	5	19	3	Daher ist das Ziel, ein vertrauenswürdiges Modell zu schaffen.	Therefore, the goal is to create a trustworthy model.	4	4
swp	5	20	0	Mein Projekt : Reflective sentences  Ethische Sicht :	My project : Reflective sentences Ethical view :	0	0
swp	5	20	1	Dient dafür, in der Bildung mithilfe von Reflexion zu besseren Ergebnissen zu führen, daher positiv.	Serves to lead to better results in education with the help of reflection, therefore positive.	2	2
swp	5	20	2	Negative Ethische Aspekte fallen mir jetzt gerade nicht ein.	I can't think of any negative ethical aspects right now.	0	0
swp	5	20	3	Eine schlecht implizierte Version könnte dafür sorgen, dass es nicht effektiv ist, aber dann ist es auch nicht schlimmer, als wenn es das garnicht geben würde.  Auswirkung auf die Gesellschafft positiv, da sie der Bildung hilft und Bildung positiv ist	A badly implied version could make it not effective, but then it is not worse than if it did not exist.  Impact on society positive, as it helps education and education is positive.	3	3
swp	5	21	0	Möglicher Einsatz des fertig gestellten Projektes ist eine übersicht, wo die Bienen ihren Nektar aufsammeln.	Possible use of the completed project is an overview of where the bees collect their nectar.	0	0
swp	5	21	1	Vielleicht könnte es genutzt werden, um eine effektive Bestäubung von Nutzpflanzen zu ermöglichen oder genauer fest zustellen  wie der Honig entstanden ist.	Perhaps it could be used to enable effective pollination of crops or to determine more precisely how honey is produced.	3	3
swp	5	21	2	Ersteres könnte sich positiv auf die Versorgung von Nahrungsmitteln in der Welt auswirken und sollte nur begrenzte Negative Folgen besitzen.	The former could have a positive impact on the world's food supply and should have limited negative consequences.	3	3
swp	5	21	3	Letzteres kann positiv für den Endverbraucher seien, da er eine genauere Auskunft über sein gekauftes Produkt bekommt.	The latter can be positive for the end consumer, since he gets a more exact information about his bought product.		3
swp	5	21	4	Abschließend gehe ich von aus, dass das Projekt keine bis vernachlässigbare negative Auswirkungen haben sollte.	In conclusion, I believe that the project should have no to negligible negative impact.	4	4
swp	5	22	0	Unsere Methoden dienen zur Erkennung von reflektiven Elementen in Sätzen.	Our methods are used to detect reflective elements in sentences.	0	0
swp	5	22	1	Sie können dafür eingesetzt werden, in großem Stil Texte zu analysieren.	They can be used to analyze texts on a large scale.	3	3
swp	5	22	2	Solche Methoden haben oft auch gewisse Risiken, da sie von Institutionen eingesetzt werden können um Profile von Nutzern anlegen.	Such methods often have some risks as well, since they can be used by institutions to profile users.	3	3
swp	5	22	3	Jedoch denke ich, dass unsere Methoden wahrscheinlich nicht für diesen Zweck genügen werden, da sie eventuell nicht genug über Personen preisgeben und lediglich verschiedene Stufen der Reflektion analysiert.	However, I think that our methods will probably not suffice for this purpose, as they may not reveal enough about individuals and only analyze different levels of reflection.	2022-03-02 00:00:00	3
swp	5	22	4	Generell ist der Umgang mit einer solchen Technologie aber Imstande, Texte auf alle möglichen arten und weisen zu klassifizieren und Menschen danach einzuordnen.	In general, however, the use of such technology is capable of classifying texts in all kinds of ways and classifying people according to them.	0	0
swp	5	23	0	Computer Vision ist schon immer ein großes Thema gewesen an dem viele Parteien interessiert sind.	Computer vision has always been a big topic in which many parties are interested.	0	0
swp	5	23	1	Aktuell nutzen wir in unseren Projekt sie nur um Tiere zu erkennen, jedoch ist die Vorstellung das z.B. für andere Objekte oder Menschen zu benutzen nicht weit.	Currently we use it in our project only to recognize animals, but the idea of using it for other objects or people is not far away.	0	0
swp	5	23	2	Teilweise wird dies sogar heute schon gemacht.	In some cases this is already being done today.	0	0
swp	5	23	3	Es ist wichtig darüber nachzudenken ob und wie man diese Technologie einsetzen möchte.	It is important to think about if and how you want to use this technology.	2	2
swp	5	23	4	"Darf ein Unternehmen Menschen ohne ihr Einverständnis ""verfolgen""?"	"Can a company ""track"" people without their consent?"	3	3
swp	5	23	5	Schon in der Vergangenheit wurden Versuche unternommen solche Algorithmen zu verwenden um z.B. angebliche Straftäter festzusetzen.	Already in the past, attempts were made to use such algorithms to arrest alleged criminals.	0	0
swp	5	23	6	Das Problem daran ist das automatische Programme (bisher) kein moralisches Verständnis haben.	The problem is that automatic programs (so far) have no moral understanding.	3	3
swp	5	23	7	Jede Person kann getrackt werden.	Every person can be tracked.	0	0
swp	5	23	8	Diese Datenquellen lassen sich dann auch von Anderen auswerten um z.B. Rückschlüsse über sehr private Dinge zu ziehen.	These data sources can be used by others to draw conclusions about very private things.	3	3
swp	5	23	9	Genauso kann sie auch Fehler enthalten die dann zu Problemen führen. z.B. wenn die verfolgte Person verwechselt wird mit jemand Anderen und nun die falsche Person verfolgt wird.	It can also contain errors that can lead to problems, e.g. if the person being tracked is confused with someone else and the wrong person is being tracked.	3	3
swp	5	23	10	Um solche etwaigen Fehler zu verhindern kann es sinnvoll sein sehr regelmäßig und sehr detailliert seine Daten zu kontrollieren und zu schauen wie sich das Programm verhält.	To prevent such errors, it can be useful to check your data very regularly and in detail and see how the program behaves.	2022-04-03 00:00:00	3
swp	5	23	11	Es bräuchte strikte Kontrollen und Protokolle darüber wer wann wofür diese Technologien einsetzt.	There would need to be strict controls and protocols about who uses these technologies and when.	3	3
swp	5	23	12	Generell würde ich jedoch nie in einen Unternehmen arbeiten, welches Menschen trackt, da es vielen Punkten meinen moralischen Grundsätzen widerspricht.	In general, however, I would never work for a company that tracks people, as it goes against many of my moral principles.	3	3
swp	5	24	0	Ich arbeite an einer Klassifizierung von Reflexionssätzen von Schülern aus dem KI-Bildungsmodell.	I am working on a classification of student reflection sentences from the AI education model.	0	0
swp	5	24	1	In Zukunft kann dies dazu verwendet werden, die Schüler in die jeweilige Stufe einzuordnen.	In the future, this can be used to classify students into the appropriate level.	5	5
swp	5	24	2	Daher kann es als Beurteilungsinstrument verwendet werden, das über den ursprünglichen Ansatz hinausgeht, die Bildungserfahrungen der Schüler und ihre Eigenschaften zu verstehen.	Therefore, it can be used as an assessment tool that goes beyond the original approach of understanding students' educational experiences and characteristics.	2022-04-03 00:00:00	4
swp	5	24	3	Wenn ein Unternehmen diese Methode anwendet, ohne sich über die Natur des Instruments im Klaren zu sein, werden einige Studenten als nicht geeignet für bestimmte Kurse angesehen, die schnelles Lernen erfordern, aber die Sätze, die sie in den Reflexionsbericht geschrieben haben, zeigen, dass sie nicht für die Kurse geeignet sind.	If a company uses this method without being clear about the nature of the instrument, some students will be considered not suitable for certain courses that require fast learning, but the sentences they wrote in the reflection report show that they are not suitable for the courses.	3	3
swp	5	24	4	Mit anderen Worten, um dieses Instrument zu nutzen, muss ein Konsens über die Art und Weise der Implementierung dieses Instruments und das Verständnis für die Natur des Instruments bestehen.	In other words, in order to use this tool, there needs to be consensus on how to implement this tool and an understanding of the nature of the tool.	3	3
swp	5	25	0	Eine mögliche Anwendung wäre, dass Robo-Fische zu Alpha-Schwarm-Fischen aufsteigen, sodass man Fischschwärme nicht mehr mit Booten fischen muss, sondern die Fische von selbst ins Netz gehen.	One possible application would be to have robo-fish rise to alpha school fish, so that you don't have to fish schools of fish with boats, but the fish go into the net on their own.	3	3
swp	5	25	1	Man könnte somit einen nachhaltigen Fischfang organisieren.	One could thus organize sustainable fishing.	2022-04-03 00:00:00	4
swp	5	25	2	Ethisch ist das einwandfrei, denn Europa und andere Kontinente leiden an Fischmangel.	Ethically, this is flawless, because Europe and other continents are suffering from fish shortages.	3	3
swp	5	25	3	Schiffe verbrennen oft Heizöl, das ist das schädlichste und minderwertigste Erdölprodukt.	Ships often burn fuel oil, which is the most harmful and inferior petroleum product.	3	3
swp	5	25	4	Jedes eingesparte Schiff ist somit ein Segen für das Klima.	Every ship saved is therefore a blessing for the climate.	4	4
swp	5	25	5	Ein Nachteil wäre, wenn der Alpha-Fisch gehackt werden würde und dann z.B. alle Fischschwärme der Erde nach Russland oder so schwimmen.	A disadvantage would be if the alpha fish would be chopped and then, for example, all fish shoals of the earth swim to Russia or so.	3	3
swp	5	25	6	Dann entsteht eine Hungerkrise.	Then there would be a starvation crisis.	4	4
swp	5	25	7	Ein weiterer Nachteil ist, dass solche Technologie vermutlich weniger in arme Länder exportiert wird (z.B. in Afrika).	Another disadvantage is that such technology is probably less exported to poor countries (e.g. in Africa).	3	3
swp	5	25	8	Und diese Länder u.u. anfangen an Fischmangel zu leiden.	And these countries may start to suffer from fish shortages.	3	3
swp	5	25	9	Dieses Technologie-Transfer-Problem löst sich vermutlich allerdings mit der Zeit von allein, da Wissen durchsickert.	However, this technology transfer problem will probably solve itself over time, as knowledge seeps through.	3	3
swp	5	25	10	Zumindest kann man das anhand der Menschheitsgeschichte so deuten.	At least one can interpret it that way on the basis of human history.	3	3
swp	5	25	11	Aber in kurzfristiger Betrachtung können Machtstrukturen im Lebensmittelsektor entstehen.	But in the short term, power structures can emerge in the food sector.	3	3
swp	5	25	12	Dagegen kann man, meiner Meinung nach, nur mit Unternehmensbeteiligungen ankommen.	In my opinion, the only way to combat this is through corporate participation.	3	3
swp	5	26	0	Das Projekt woran ich arbeite ist das Projekt zur Klassifizierung der Reflexionsstufen von Sätzen mithilfe des Gibbs cycles.	The project I am working on is the project to classify the reflection levels of sentences using the Gibbs cycle.	0	0
swp	5	26	1	Generell kann z.B. Selbstreflexion sehr wichtig sein, um vielleicht im Nachhinein genau zu verstehen warum man etwas gerade so gemacht hat.	In general, for example, self-reflection can be very important, perhaps to understand in retrospect exactly why you did something just like that.	2	2
swp	5	26	2	In der Zukunft kann diese Technologie verwendet werden, um zum Beispiel den Lernfortschritt zu reflektieren.	In the future, this technology can be used, for example, to reflect on learning progress.	3	3
swp	5	26	3	Z.B. können also Lehrer die Texte von Schülern damit analysieren und dann vielleicht erkennen, wie diese Schüler ihre Lernweise verändern sollten oder ob sie schon effizient lernen.	For example, teachers can use it to analyze students' texts and then perhaps see how these students should change their learning or whether they are already learning efficiently.	3	3
swp	5	26	4	Die ethische Seite der Nutzung ist wahrscheinlich dass bei falscher Klassifizierung der Reflexionsstufe die gewollte Analyse des Textes falsch sein könnte und daraus falsche Schlüsse gezogen werden könnten.	The ethical side of using it is probably that if the reflection level is wrongly classified, the intended analysis of the text could be wrong and wrong conclusions could be drawn from it.	3	3
swp	5	26	5	Das Modell das am Ende dafür produziert wird, könnte also Menschen bei der Reflexion helfen.	So the model that is produced at the end for this could help people to reflect.	3	3
swp	5	26	6	Dadurch könnte zum Beispiel die Lernweise von Ihnen effizienter werden.	This could, for example, make the way you learn more efficient.	3	3
swp	5	26	7	Das einzig Schlechte was ich mir vorstellen kann das passieren könnte	The only bad thing that I can imagine that could happen	3	3
swp	5	26	8	ist, dass eine falsche Reflexion an eine Person gegeben wird und diese dann ihr Verhalten nicht richtig verarbeiten kann.	is that a wrong reflection is given to a person and then they can't process their behavior properly.	3	3
swp	5	27	0	Mein Hauptinteresse gilt dem Verständnis des Gruppenverhaltens und der Frage, wie die umfangreichen und zahlreichen Interaktionsdynamiken unser Verhalten und damit das Verhalten der gesamten Gesellschaft beeinflussen.	My main interest is in understanding group behavior and how the extensive and numerous interaction dynamics affect our behavior and thus the behavior of society as a whole.	1	1
swp	5	27	1	Als Informatikerin wende ich dazu maschinelles Lernen, Robotik und andere coole Werkzeuge aus der Informatik auf die Untersuchung des Verhaltens von Modellorganismen wie Bienen und Fischen an.	As a computer scientist, I do this by applying machine learning, robotics, and other cool tools from computer science to the study of the behavior of model organisms like bees and fish.	0	0
swp	5	27	2	Diese kleinen Tiere sind viel einfacher zu beobachten und zu manipulieren, und es gibt viel weniger Probleme bei der Beschaffung von Daten oder der ethischen Freigabe.  Aber ich möchte immer noch menschliches Verhalten studieren, und ich glaube, dass die Technologie, die wir hier entwickeln, die Art und Weise, wie Menschen interagieren, erheblich beeinflussen kann.	These small animals are much easier to observe and manipulate, and there are far fewer problems with obtaining data or ethical clearance.  But I still want to study human behavior, and I think the technology that we're developing here can significantly impact the way humans interact.	3	3
swp	5	27	3	Ich meine, ähnliche Technologien tun das doch schon, oder?	I mean, similar technologies are already doing that, right?	0	0
swp	5	27	4	"Die Apps, die wir auf unseren Telefonen verwenden, modulieren bereits unser Verhalten, man denke nur an den ""Smartphone-Hals""."	"The apps we use on our phones are already modulating our behavior, think ""smartphone neck."""	3	3
swp	5	27	5	Aber es geht nicht nur um die Art und Weise, wie wir uns verhalten, sondern auch um die Art und Weise, wie wir interagieren und die Inhalte, die wir teilen.	But it's not just about how we behave, it's about how we interact and the content we share.	3	3
swp	5	27	6	Lassen Sie uns die Forschung, die wir an Fischen oder Bienen betreiben, auf den Menschen übertragen.	Let's take the research we do on fish or bees and apply it to humans.	0	0
swp	5	27	7	Ich würde zunächst das individuelle und kollektive Verhalten des Menschen beschreiben.	I would first describe the individual and collective behavior of humans.	3	3
swp	5	27	8	Was kann eine Maschine sehen, was wir tun (auf der Grundlage der Sensoren, zu denen wir Zugang haben)?	What can a machine see that we do (based on the sensors we have access to)?	0	0
swp	5	27	9	Können wir Verhaltensmuster, Korrelationen und kausale Zusammenhänge erkennen?	Can we see patterns of behavior, correlations, and causal relationships?	3	3
swp	5	27	10	Das ist es übrigens, was die großen Technologieunternehmen bereits tun (und was wir nicht können).	That, by the way, is what the big tech companies are already doing (and what we can't).	0	0
swp	5	27	11	Der nächste Schritt besteht darin, ein Modell zu erstellen, wie das Verhalten des Einzelnen das Verhalten der Gruppe beeinflusst.	The next step is to model how the behavior of the individual affects the behavior of the group.	5	5
swp	5	27	12	Welche Handlungen eines einzelnen Individuums führen unter welchen Bedingungen zu welchem Gruppenergebnis?	Which actions of a single individual lead to which group outcome under which conditions?	3	3
swp	5	27	13	Das ist der Punkt, an dem es aufgrund der Kombinatorik und der Nichtlinearität des Systems schwierig wird.	This is where it gets tricky because of the combinatorics and nonlinearity of the system.	3	3
swp	5	27	14	Ich denke jedoch, dass wir die Menschheit am besten verstehen können, wenn wir autonome Agenten, virtuelle und physische Agenten (Roboter!), von Gleichgewichtszuständen wegbringen und sehen, wie sich die Dynamik entwickelt.	However, I think we can best understand humanity by moving autonomous agents, virtual and physical (robots!), away from equilibrium states and seeing how the dynamics evolve.	3	3
swp	5	27	15	"Durch diese Interaktionen kann eine KI ein besseres Modell des Systems erlernen, und ich denke, dass wir im Internet mit Bots und allem, was dazugehört, kurz davor stehen (auch wenn ich nicht glaube, dass hinter den Bots nicht-menschliche ""Absichten"" stecken)."	"Through these interactions, an AI can learn a better model of the system, and I think we're close to that on the Internet with bots and all (although I don't think there are non-human ""intentions"" behind the bots)."	3	3
swp	5	27	16	Etwas weiter in der Zukunft sehe ich keinen Grund, warum wir keine Roboter haben sollten, die mit Menschen interagieren, um etwas über uns zu lernen.	A little further into the future, I see no reason why we shouldn't have robots interacting with humans to learn about us.	3	3
swp	5	27	17	Ich meine, ja, es gibt ethische Fragen, haufenweise.	I mean, yes, there are ethical issues, heaps of them.	0	0
swp	5	27	18	Aber jetzt muss ich gehen.	But now I have to go.	5	5
swp	5	27	19	Bitte lösen Sie die ethischen Probleme, ich werde Roboter bauen, die Menschen manipulieren, um sie besser kennen zu lernen.	Please solve the ethical issues, I'm going to build robots that manipulate people to get to know them better.	5	5
swp	5	27	20	Es muss doch eine gewisse Arbeitsteilung geben, oder?	There has to be some division of labor, right?	0	0
swp	5	27	21	Ciao	Ciao	0	0
swp	5	27	22	ciao.	ciao.	0	0
swp	5	28	0	Universitätsprojekt	University project	0	0
swp	5	28	1	Thema: Anwesenheitssystem mit Gesichtserkennung	Subject: Attendance system with face recognition	0	0
swp	5	28	2	Beschreibung: Das Projekt wurde innerhalb der vorgegebenen Frist erfolgreich abgeschlossen, aber am Rande ging es drunter und drüber	Description: The project was successfully completed within the given deadline, but things went haywire on the sidelines	0/1/2/	0
swp	5	28	3	Gefühl: Eine ständige Überwachung der Teammitglieder ist erforderlich.	Sentiment: constant monitoring of team members is required.	0	0
swp	5	28	4	Bewertung: Gut: Es gab mehrere Metriken zur Analyse des Projektfortschritts    Schlecht:	Rating: Good: There were several metrics to analyze the progress of the project Bad:	0	0
swp	5	28	5	Die Metriken waren zu allgemein und nicht auf die Projekte abgestimmt.	Metrics were too general and not aligned with projects.	2	2
swp	5	28	6	Analyse: Die Teammitglieder müssen ihre Verantwortung übernehmen, sonst geht alles den Bach runter.	Analysis: Team members need to take ownership of their responsibilities or everything will go down the drain.	2022-04-03 00:00:00	4
swp	5	28	7	Schlussfolgerung: Erstellen Sie einen geeigneten Plan auf agile Weise.	Conclusion: create an appropriate plan in an agile way.	5	5
swp	5	28	8	Aktionsplan: Klare Definition der Agenda und Ausarbeitung des Plans für das gesamte Projekt auf hohem Niveau	Action Plan: Clearly define the agenda and develop the plan for the whole project at a high level.	5	5
swp	5	29	0	Ich mache das NLP über reflektierende Sätze, und mag dieses, weil es die Art von ML-Modell ist.	I do the NLP on reflective sentences, and like this one because it is the kind of ML model.	0/1	1
swp	5	30	0	Während meines Bachelorstudiums habe ich ein Projekt zum Thema Erntemanagement durchgeführt, und das ist bis jetzt eines meiner Lieblingsprojekte, weil ich dabei etwas über Gruppenkoordination und auch über die technischen Aspekte der Arbeit gelernt habe.	During my undergraduate studies, I did a project on harvest management, and it is one of my favorite projects so far because it taught me about group coordination and also about the technical aspects of the work.	2022-03-01 00:00:00	3
swp	5	31	0	Dies kann genutzt werden, um die Schwierigkeiten und Inhalte der Vorlesung/des Projekts durch den Betreuer anzupassen.	This can be used to adjust the difficulty and content of the lecture/project by the supervisor.	3	3
swp	5	31	1	Wenn sie herausgefunden haben, dass die Studenten, die die Arbeit bereits gemacht haben, im Allgemeinen nicht zufrieden waren, dann ist es besser, eine Überarbeitung vorzunehmen	If they found out that the students who have already done the work were generally not satisfied, then it is better to make a revision	3	3
swp	5	32	0	Da die Landwirtschaft der wichtigste Bereich in meinem Land ist, ist Automatisierung ein Muss.	Since agriculture is the most important field in my country, automation is a must.	3	3
swp	5	32	1	Daher wäre eine Erweiterung dieses Projekts sehr hilfreich	Therefore, an extension of this project would be very helpful	4	4
swp	5	33	0	Die zirkadiane Aktivität der Bienen ist in der Industrie nicht sehr verbreitet.	Circadian activity of bees is not very common in the industry.	0/2	2
swp	5	33	1	Aber als Forschungsperspektive kann sie nur Einblicke in die Bienen geben, sondern auch ein klares Verständnis der Natur vermitteln.  Nachdem man das Verhalten der Bienen verstanden hat, besteht die Möglichkeit, mehr Honig zu gewinnen, was gut für die finanzielle Versorgung ist, aber es führt zu einer Störung der natürlichen Produktionsweise, was zu einem ethischen Dilemma oder Bedenken führt.	But as a research perspective, it can not only provide insight into bees, but also give a clear understanding of nature.  After understanding the behavior of bees, there is a possibility of obtaining more honey, which is good for financial supply, but it leads to a disruption of the natural mode of production, which leads to an ethical dilemma or concern.	3	3
swp	5	33	2	Es muss entsprechend überwacht werden, ohne das natürliche Gleichgewicht des Bienenlebensraums zu stören.	It must be monitored appropriately without disturbing the natural balance of the bee habitat.	3	3
swp	5	34	0	Die Aufgabenteilung und die Bereitstellung des Leitfadens hätten besser organisiert werden können.	The division of tasks and the provision of the guide could have been better organized.	4	4
swp	5	34	1	Wahrscheinlich liegt es an der Plattform, dass wir Mattermost verwenden, die nicht immer überprüft wird, außer ich tue es für dieses Projekt.	It is probably because of the platform that we use Mattermost, which is not always reviewed unless I do it for this project.	3	3
swp	5	35	0	In der ersten Phase des Projekts haben wir die Daten gelabelt.	In the first phase of the project, we labeled the data.	0	0
swp	5	35	1	Die Daten in die verschiedenen Reflexionsstufen zu unterteilen war nicht einfach.	Dividing the data into the different levels of reflection was not easy.	2	2
swp	5	35	2	Das wär der Fall verschiedene Personen unterschiedliche Ansichten hatten, welche Stufen vom Gibbs cycle in einem Satz vorkommen.	That would be the case different people had different views on which stages of the Gibbs cycle occurred in a sentence.	0	0
swp	5	35	3	Beim vergleichen gab es dabei Diskussionen, welche die Zeit des labelings deutlich verlängert haben.	When comparing the data, there were discussions, which extended the time of labeling significantly.	0	0
swp	5	35	4	Außerdem war auch ein Problem, dass manche Gruppenmitglieder nicht mit ihrem Teil bis zur Deadline fertig geworden sind.	In addition, it was also a problem that some group members did not finish their part by the deadline.	0	0
swp	5	35	5	Ein Mitglied hat den Kurs außerdem verlassen.	One member also left the course.	0	0
swp	5	35	6	Bis zur Abschlusspräsentation können wir jetzt mit den fertig gelabelten Daten arbeiten, also Models erstellen, Hyperparameter tunen und die Models dann evaluieren.	Until the final presentation, we can now work with the final labeled data, i.e. create models, tune hyperparameters and then evaluate the models.	0	0
swp	5	36	0	Da die Mitarbeiter unterschiedliche Vorstellungen hatten, war es schwierig, die Aufgaben zu koordinieren und zu verwalten.	Since the collaborators had different ideas, it was difficult to coordinate and manage the tasks.	0/1/2/	1
swp	5	37	0	Die erste Phase ist soweit gut verlaufen, jedoch könnte man sicher das Zeitmanagement etwas verbessern.	The first phase has gone well so far, but time management could certainly be improved a bit.	2022-03-02 00:00:00	3
swp	5	37	1	Eine der größten Schwierigkeiten war die mittelmäßige Dokumentation unserer Vorgänger, welche die Einarbeitung erschwert hat, allerdings sollten wir jetzt startklar sein.	One of the biggest difficulties was the mediocre documentation of our predecessors, which made it difficult to get up to speed, but we should be ready to go now.	2022-04-02 00:00:00	2
swp	5	38	0	In den letzten Wochen ging es bei uns um das Labeln von Sätzen.	In the last few weeks, we were concerned with labeling sentences.	0	0
swp	5	38	1	Zuerst haben wir eine Aufteilung gewählt um die Sätze zu labeln.	First we chose a division to label the sentences.	0	0
swp	5	38	2	Dabei sollte jeder Satz von einer Person annotiert werden, und dann von einer zweiten Person überprüft werden.	Each sentence should be annotated by one person and then checked by a second person.	0	0
swp	5	38	3	Das Labeln war schwieriger als gedacht, da unterschiedliche Gruppenteilnehmer oft andere Ideen hatten, was wie gelabelt werden sollte.	Labeling was more difficult than expected, as different group members often had different ideas about what should be labeled and how.	2	2
swp	5	38	4	Außerdem mussten einige Aufgaben neu verteilt werden, da jemand das Projekt verlassen hat.	Also, some tasks had to be redistributed because someone left the project.	0	0
swp	5	38	5	Es hat im vornherein ein wenig der Plan dafür gefehlt, wie die verschiedenen Beiträge der einzelnen Gruppenmitglieder effizient zusammengefügt werden, da sich niemand so richtig verantwortlich gefühlt hat.	There was a bit of a lack of a plan for how to efficiently put together the various contributions of the individual group members in the first place, since no one really felt responsible.	3	3
swp	5	38	6	Jedoch sind wir zum Ende hin einigermaßen gut fertig geworden.	However, we finished reasonably well towards the end.	2022-04-02 00:00:00	4
swp	5	38	7	In Zukunft sollen wir darauf achten unsere Vorträge kompakt zu halten, damit alle Gruppen in gegebener Zeit präsentieren können.	In the future, we should make sure to keep our presentations compact so that all groups can present in due time.	5	5
swp	5	39	0	Aktuelle Probleme sind insbesondere die Organisation des gesamten Projekts und das viele Dinge aufeinander aufbauen.	Current problems are especially the organization of the whole project and that many things build on each other.	3	3
swp	5	39	1	Auf der einen Seite müssen/möchten wir viel machen aber auf der anderen Seite haben wir teilweise unklare Angaben und Zeitdruck.	On the one hand we have to/make a lot of things but on the other hand we have partly unclear details and time pressure.	0	0
swp	5	39	2	Teilweise wirkt es so als würden wir nur hinter dem Zeitplan liegen, obwohl die anderen Gruppen auf der gleichen Stufe sind wie wir.	Sometimes it seems as if we are just behind schedule, although the other groups are on the same level as we are.	1	1
swp	5	39	3	Eine große Hilfe wäre eine klare Aufgabenstellung und eine einfach zu integrierende Datengrundlage gewesen.	A big help would have been a clear task and an easy to integrate data base.	3	3
swp	5	39	4	Wir mussten einen Großteil der Zeit damit verbringen herauszukitzeln was wir eigentlich tun sollten, da niemand eine genaue Vorstellung hatte.	We had to spend a lot of the time teasing out what we were supposed to be doing because no one had a clear idea.	0	0
swp	5	39	5	Währenddessen wollten wir eigentlich arbeiten konnten es jedoch nicht da die Daten nur sehr schwierig einzulesen waren.	Meanwhile, we wanted to work but couldn't because the data was very difficult to read.	0/1/2/	1
swp	5	39	6	Es gab keine Dokumentation etc.	There was no documentation etc.	0	0
swp	5	39	7	Hätten wir etwas in der Form gehabt hätten wir viel schneller loslegen können und während direkt zu den interessanten Aufgaben gekommen.	If we would have had something in the form we could have started much faster and while directly come to the interesting tasks.	4	4
swp	5	39	8	Ähnlich ging es mir bei den gemeinsamen Vorträgen.	I felt similarly about the joint lectures.	1	1
swp	5	39	9	Ich verstehe zwar den Gedanken das man von den Anderen profitieren soll, aber ohne eine gute Organisation ist es recht schwierig etwas Sinnvolles daraus zu ziehen.	I understand the idea that you should benefit from the others, but without a good organization it is quite difficult to get something useful out of it.	3	3
swp	5	39	10	Das einzige wirkliche Feedback das wir erhalten haben ist in den Gesprächen der anderen Gruppen untergegangen, weshalb es sich wie eine Zeitverschwendung angefühlt hat.	The only real feedback we received was lost in the conversations of the other groups, so it felt like a waste of time.	1	1
